target,model,accuracy,precision,recall,f1,auc_roc
PLAYS vs REST,Logistic Regression,0.6868686868686869,0.25210084033613445,0.6060606060606061,0.3560830860534125,0.7204877053361902
PLAYS vs REST,Random Forest,0.8412698412698413,0.4067796610169492,0.24242424242424243,0.3037974683544304,0.7916199027310138
PLAYS vs REST,XGBoost,0.847041847041847,0.4520547945205479,0.3333333333333333,0.38372093023255816,0.7694963099003503
UP vs NOT UP,Logistic Regression,0.6825396825396826,0.32954545454545453,0.6692307692307692,0.4416243654822335,0.7337614428200574
UP vs NOT UP,Random Forest,0.8152958152958153,0.5102040816326531,0.38461538461538464,0.43859649122807015,0.7834950129799153
UP vs NOT UP,XGBoost,0.8225108225108225,0.5339805825242718,0.4230769230769231,0.4721030042918455,0.80289657056975
