auc,f1,precision,recall,threshold,n_features,n_samples,n_plays,n_rest
0.7874366561235249,0.4357976653696498,0.35443037974683544,0.5656565656565656,0.2799999999999999,75,693,99,594
